{
    "@class": "com.kony.gen.skin.model.KVizSkin",
    "background_color": "56a9dd00",
    "bg_type": "one",
    "border_color": "ffffff00",
    "border_style": "plain",
    "border_type": 0,
    "border_width": 0,
    "font_color": "ffffff00",
    "font_name": "Helvetica",
    "font_size": 148,
    "font_style": "normal",
    "font_weight": "normal",
    "isDefaultSkin": true,
    "kuid": "2f64770429aa432e98e4ea3f5e3299a9",
    "platforms": {
        "android": {
            "@class": "com.kony.gen.skin.model.KVizAndroidSkin",
            "background_color": {
                "angle": 0,
                "colors": [
                    "56a9dd00",
                    "3a83a700",
                    "4aa8d100"
                ],
                "cs": [
                    0,
                    50,
                    100
                ],
                "gt": "linear"
            },
            "background_style": "linear",
            "bg_type": "ms_gradient",
            "isForked": true,
            "text_shadow": {
                "br": 0,
                "color": "00000066",
                "x": 0,
                "y": -1
            },
            "wType": "Button"
        },
        "ipad": {
            "@class": "com.kony.gen.skin.model.KVizIPadSkin",
            "background_color": {
                "angle": 0,
                "colors": [
                    "56a9dd00",
                    "3a83a700",
                    "4aa8d100"
                ],
                "cs": [
                    0,
                    50,
                    100
                ],
                "gt": "linear"
            },
            "background_style": "linear",
            "bg_type": "ms_gradient",
            "isForked": true,
            "shadow": {
                "br": 2,
                "color": "000000bf",
                "ignoredPart": {
                    "br": 2,
                    "color": "ffffffbf",
                    "inner": true,
                    "nm": 0,
                    "x": 0,
                    "y": 1
                },
                "inner": false,
                "nm": 0,
                "x": 0,
                "y": 2
            },
            "text_shadow": {
                "br": 0,
                "color": "00000066",
                "x": 0,
                "y": -1
            },
            "wType": "Button"
        },
        "iphone": {
            "@class": "com.kony.gen.skin.model.KVizIPhoneSkin",
            "background_color": {
                "angle": 0,
                "colors": [
                    "56a9dd00",
                    "3a83a700",
                    "4aa8d100"
                ],
                "cs": [
                    0,
                    50,
                    100
                ],
                "gt": "linear"
            },
            "background_style": "linear",
            "bg_type": "ms_gradient",
            "isForked": true,
            "shadow": {
                "br": 2,
                "color": "000000bf",
                "ignoredPart": {
                    "br": 2,
                    "color": "ffffffbf",
                    "inner": true,
                    "nm": 0,
                    "x": 0,
                    "y": 1
                },
                "inner": false,
                "nm": 0,
                "x": 0,
                "y": 2
            },
            "text_shadow": {
                "br": 0,
                "color": "00000066",
                "x": 0,
                "y": -1
            },
            "wType": "Button"
        },
        "spaan": {
            "@class": "com.kony.gen.skin.model.KVizSPAAndroidSkin",
            "background_color": {
                "angle": 0,
                "colors": [
                    "56a9dd00",
                    "3a83a700",
                    "4aa8d100"
                ],
                "cs": [
                    0,
                    50,
                    100
                ],
                "gt": "linear"
            },
            "background_style": "linear",
            "bg_type": "ms_gradient",
            "bottom_left_border_color": "ffffff00",
            "bottom_left_border_style": "plain",
            "bottom_left_border_width": 0,
            "bottom_right_border_color": "ffffff00",
            "bottom_right_border_style": "plain",
            "bottom_right_border_width": 0,
            "isForked": true,
            "shadow": {
                "br": 2,
                "color": "000000bf",
                "ignoredPart": {
                    "br": 2,
                    "color": "ffffffbf",
                    "inner": true,
                    "nm": 0,
                    "x": 0,
                    "y": 1
                },
                "inner": false,
                "nm": 0,
                "x": 0,
                "y": 2
            },
            "text_shadow": {
                "br": 0,
                "color": "00000066",
                "x": 0,
                "y": -1
            },
            "top_left_border_color": "ffffff00",
            "top_left_border_style": "plain",
            "top_left_border_width": 0,
            "top_right_border_color": "ffffff00",
            "top_right_border_style": "plain",
            "top_right_border_width": 0,
            "wType": "Button"
        },
        "spaandroidtablet": {
            "@class": "com.kony.gen.skin.model.KVizSPAAndroidTabletSkin",
            "background_color": {
                "angle": 0,
                "colors": [
                    "56a9dd00",
                    "3a83a700",
                    "4aa8d100"
                ],
                "cs": [
                    0,
                    50,
                    100
                ],
                "gt": "linear"
            },
            "background_style": "linear",
            "bg_type": "ms_gradient",
            "bottom_left_border_color": "ffffff00",
            "bottom_left_border_style": "plain",
            "bottom_left_border_width": 0,
            "bottom_right_border_color": "ffffff00",
            "bottom_right_border_style": "plain",
            "bottom_right_border_width": 0,
            "isForked": true,
            "shadow": {
                "br": 2,
                "color": "000000bf",
                "ignoredPart": {
                    "br": 2,
                    "color": "ffffffbf",
                    "inner": true,
                    "nm": 0,
                    "x": 0,
                    "y": 1
                },
                "inner": false,
                "nm": 0,
                "x": 0,
                "y": 2
            },
            "text_shadow": {
                "br": 0,
                "color": "00000066",
                "x": 0,
                "y": -1
            },
            "top_left_border_color": "ffffff00",
            "top_left_border_style": "plain",
            "top_left_border_width": 0,
            "top_right_border_color": "ffffff00",
            "top_right_border_style": "plain",
            "top_right_border_width": 0,
            "wType": "Button"
        },
        "spaip": {
            "@class": "com.kony.gen.skin.model.KVizSPAIPhoneSkin",
            "background_color": {
                "angle": 0,
                "colors": [
                    "56a9dd00",
                    "3a83a700",
                    "4aa8d100"
                ],
                "cs": [
                    0,
                    50,
                    100
                ],
                "gt": "linear"
            },
            "background_style": "linear",
            "bg_type": "ms_gradient",
            "bottom_left_border_color": "ffffff00",
            "bottom_left_border_style": "plain",
            "bottom_left_border_width": 0,
            "bottom_right_border_color": "ffffff00",
            "bottom_right_border_style": "plain",
            "bottom_right_border_width": 0,
            "isForked": true,
            "shadow": {
                "br": 2,
                "color": "000000bf",
                "ignoredPart": {
                    "br": 2,
                    "color": "ffffffbf",
                    "inner": true,
                    "nm": 0,
                    "x": 0,
                    "y": 1
                },
                "inner": false,
                "nm": 0,
                "x": 0,
                "y": 2
            },
            "text_shadow": {
                "br": 0,
                "color": "00000066",
                "x": 0,
                "y": -1
            },
            "top_left_border_color": "ffffff00",
            "top_left_border_style": "plain",
            "top_left_border_width": 0,
            "top_right_border_color": "ffffff00",
            "top_right_border_style": "plain",
            "top_right_border_width": 0,
            "wType": "Button"
        },
        "spaipad": {
            "@class": "com.kony.gen.skin.model.KVizSPAIPadSkin",
            "background_color": {
                "angle": 0,
                "colors": [
                    "56a9dd00",
                    "3a83a700",
                    "4aa8d100"
                ],
                "cs": [
                    0,
                    50,
                    100
                ],
                "gt": "linear"
            },
            "background_style": "linear",
            "bg_type": "ms_gradient",
            "bottom_left_border_color": "ffffff00",
            "bottom_left_border_style": "plain",
            "bottom_left_border_width": 0,
            "bottom_right_border_color": "ffffff00",
            "bottom_right_border_style": "plain",
            "bottom_right_border_width": 0,
            "isForked": true,
            "shadow": {
                "br": 2,
                "color": "000000bf",
                "ignoredPart": {
                    "br": 2,
                    "color": "ffffffbf",
                    "inner": true,
                    "nm": 0,
                    "x": 0,
                    "y": 1
                },
                "inner": false,
                "nm": 0,
                "x": 0,
                "y": 2
            },
            "text_shadow": {
                "br": 0,
                "color": "00000066",
                "x": 0,
                "y": -1
            },
            "top_left_border_color": "ffffff00",
            "top_left_border_style": "plain",
            "top_left_border_width": 0,
            "top_right_border_color": "ffffff00",
            "top_right_border_style": "plain",
            "top_right_border_width": 0,
            "wType": "Button"
        },
        "tabrcandroid": {
            "@class": "com.kony.gen.skin.model.KVizAndroidTabletSkin",
            "background_color": {
                "angle": 0,
                "colors": [
                    "56a9dd00",
                    "3a83a700",
                    "4aa8d100"
                ],
                "cs": [
                    0,
                    50,
                    100
                ],
                "gt": "linear"
            },
            "background_style": "linear",
            "bg_type": "ms_gradient",
            "isForked": true,
            "text_shadow": {
                "br": 0,
                "color": "00000066",
                "x": 0,
                "y": -1
            },
            "wType": "Button"
        }
    },
    "shadow": {
        "br": 0,
        "color": "000000",
        "inner": false,
        "nm": 0,
        "opacity": 1,
        "x": 0,
        "y": 0
    },
    "text_shadow": {
        "br": 0,
        "color": "000000",
        "opacity": 1,
        "x": 0,
        "y": 0
    },
    "wType": "Button"
}