{"@class":"com.kony.gen.appprops.KVizAppProps","APPLICATION_THEME":"default","accountCloudGuid":"61059e57-d16c-448b-9e66-dd84b5299be4","appaddrkey":"","appidkey":"Project0b0cd6","appmenu":{"focusSkin":null,"focusskin":null,"mobile":{"data":[{"icon":{"default":"option1.png"},"id":"appmenuitemid1","kuid":"e1d1f7b718ba434e8b4d572cbe7466cf","title":"Item 1"},{"icon":{"default":"option2.png"},"id":"appmenuitemid2","kuid":"bd9a749ce31449c688e695301e6ea675","title":"Item 2"},{"icon":{"default":"option3.png"},"id":"appmenuitemid3","kuid":"01f782755a80461fb88ec16242430c8c","title":"Item 3"},{"icon":{"default":"option4.png"},"id":"appmenuitemid4","kuid":"70bc3d4233e64ac6ba8fd2d6d62f03a6","title":"Item 4"}]},"osPlatform":"","osVersion":"iOS7","skin":null,"tablet":{"data":[{"icon":{"default":"option1.png"},"id":"appmenuitemid1","kuid":"d796fa97fd0a4ae6b57223b53268fd1e","title":"Item 1"},{"icon":{"default":"option2.png"},"id":"appmenuitemid2","kuid":"1e45e91e2da2462b84b752f8e0a71c45","title":"Item 2"},{"icon":{"default":"option3.png"},"id":"appmenuitemid3","kuid":"574ce45c1f5945ccb38df4a11bff1c7a","title":"Item 3"},{"icon":{"default":"option4.png"},"id":"appmenuitemid4","kuid":"57ecd1847e274020a097c7ceb19824df","title":"Item 4"}]},"wType":"Appmenu"},"appnamekey":"Project0b0cd6","apppackagekey":"","appversionkey":"1.0.0","build":"debug","createdgaversion":"5.6.0","currentgaversion":"5.6.0","defaulttheme":"defaultTheme","isNewAppWithRespectToAndroidPackageName":"","konyVizVersion":"1.1.1","mwaddrkey":"","mwhttpsportkey":"","mwportkey":"","project.type":"js","projectCloudGuid":"a8956682-c73e-4737-9489-4abd70d11457","project_version":"sprint16","prototype":{"createdBy":"Abhijeet Anand","createdById":"67e195d3-d8b1-4b38-b079-8819c0eca753","createdOn":"2014-07-21T13:08:31.829Z","resourceId":"e07ea3dd-84dd-4972-b331-2fe96984ae6d","shareGuid":"VCPLK"},"startupformkey":"frmHome","vendornamekey":"KonyLabs","winmobileguidkey":""}