{
    "forms": {
        "mobile": {
            "e4da0b0ad1584ed2971601e008776017": {
                "66c2215392544eb4b3ed7c1f22c8051e": {},
                "8c62cfcb08ac424e95b52a84849b9e1a": {},
                "bdd22f8b29c0459593f04e84c02aca6e": {},
                "e4da0b0ad1584ed2971601e008776017": {
                    "platforms": {
                        "ipad": {
                            "psp": {}
                        },
                        "iphone": {
                            "psp": {}
                        }
                    }
                }
            }
        }
    }
}