{
    "@class": "com.kony.gen.viz.model.component.KVizButton",
    "DNDConfig": null,
    "_margin_": [
        6,
        6,
        6,
        6
    ],
    "_padding_": [
        4,
        4,
        4,
        4
    ],
    "_skin_": "slButtonGlossBlue",
    "_text_": "Button",
    "canUpdateUI": true,
    "containerWeight": 100,
    "containerweight": 100,
    "contentAlignment": 5,
    "contentalignment": 5,
    "displayText": true,
    "displaytext": true,
    "enabled": false,
    "focusSkin": "slButtonGlossRed",
    "focusskin": "slButtonGlossRed",
    "id": "btn1",
    "info": null,
    "isVisible": true,
    "isvisible": true,
    "kuid": "8c62cfcb08ac424e95b52a84849b9e1a",
    "margin": [
        6,
        6,
        6,
        6
    ],
    "name": "kony.ui.Button",
    "padding": [
        4,
        4,
        4,
        4
    ],
    "parent": "hBoxTop1",
    "pf": "frmHome",
    "platforms": {},
    "render": true,
    "skin": "slButtonGlossBlue",
    "text": "Button",
    "wType": "Button",
    "widgetAlignment": 5
}