{
    "@class": "com.kony.gen.viz.model.container.KVizForm",
    "DNDConfig": null,
    "_margin_": [
        0,
        0,
        0,
        0
    ],
    "_padding_": [
        0,
        0,
        0,
        0
    ],
    "_skin_": "slForm",
    "_title_": null,
    "addWidgetsdone": false,
    "allboxes": [],
    "canUpdateUI": true,
    "children": [
        "hBoxTop1",
        "Image09958efedd61142"
    ],
    "containerWeight": 100,
    "containerweight": 100,
    "device": "iPhone5",
    "displayOrientation": 1,
    "displayorientation": 1,
    "enabled": false,
    "enabledForIdleTimeout": false,
    "enabledforidletimeout": false,
    "id": "frmHome",
    "inTransitionConfig": {
        "formTransition": "None"
    },
    "info": null,
    "initdone": false,
    "inputAccessoryViewType": 4,
    "inputaccessoryviewtype": 4,
    "intransitionconfig": {
        "formTransition": "None"
    },
    "isVisible": true,
    "isvisible": true,
    "kuid": "e4da0b0ad1584ed2971601e008776017",
    "margin": [
        0,
        0,
        0,
        0
    ],
    "name": "kony.ui.Form2",
    "needAppMenu": true,
    "needappmenu": true,
    "orientation": 1,
    "outTransitionConfig": {
        "formTransition": "None"
    },
    "outtransitionconfig": {
        "formTransition": "None"
    },
    "padding": [
        0,
        0,
        0,
        0
    ],
    "percent": true,
    "platform": "iphone",
    "platforms": {
        "ipad": {
            "@class": "com.kony.gen.viz.model.container.property.form.IPadFormProperty",
            "psp": {
                "@class": "com.kony.gen.viz.model.container.psp.form.IPadFormPSP",
                "inputAccessoryViewType": 4
            }
        },
        "iphone": {
            "@class": "com.kony.gen.viz.model.container.property.form.IPhoneFormProperty",
            "psp": {
                "@class": "com.kony.gen.viz.model.container.psp.form.IPhoneFormPSP",
                "inputAccessoryViewType": 4,
                "titleBarConfig": {
                    "buttonClosureLeftSideView": "",
                    "buttonClosureRightSideView": "",
                    "buttonText": "Edit",
                    "leftButtonText": "Back",
                    "leftTitle": "Back",
                    "prevFormTitle": false,
                    "renderTitleText": true,
                    "rightTitle": "Edit",
                    "titleBarLeftSideView": "button",
                    "titleBarRightSideView": "button",
                    "titleClosureLeftSideView": "",
                    "titleClosureRightSideView": "",
                    "visible": true
                }
            },
            "titleBar": true
        }
    },
    "prevDevice": "iPhone5",
    "prevPlatform": "iphone",
    "render": true,
    "retainScrollPosition": false,
    "retainscrollposition": false,
    "shellCSS": "iOS_iPhone5",
    "skin": "slForm",
    "title": null,
    "titleBar": true,
    "titleBarModel": {
        "DNDConfig": null,
        "_margin_": [
            0,
            0,
            0,
            0
        ],
        "_padding_": [
            0,
            0,
            0,
            0
        ],
        "_skin_": "slTitleBar",
        "_text_": "",
        "_visible_": true,
        "buttonClosureLeftSideView": "",
        "buttonClosureRightSideView": "",
        "buttonText": "Edit",
        "buttonclosureleftsideview": "",
        "buttonclosurerightsideview": "",
        "buttontext": "Edit",
        "canUpdateUI": true,
        "containerWeight": 0,
        "containerweight": 0,
        "enabled": false,
        "id": "frmHome_titleBar",
        "info": null,
        "isVisible": true,
        "isvisible": true,
        "leftButtonText": "Back",
        "leftTitle": "Back",
        "leftbuttontext": "Back",
        "lefttitle": "Back",
        "margin": [
            0,
            0,
            0,
            0
        ],
        "name": "kony.ui.TitleBar",
        "osPlatform": "",
        "osVersion": "iOS7",
        "padding": [
            0,
            0,
            0,
            0
        ],
        "prevFormTitle": false,
        "prevformtitle": false,
        "render": true,
        "renderTitleText": true,
        "rendertitletext": true,
        "rightTitle": "Edit",
        "righttitle": "Edit",
        "skin": "slTitleBar",
        "text": "",
        "titleBarLeftSideView": "button",
        "titleBarRightSideView": "button",
        "titleClosureLeftSideView": "",
        "titleClosureRightSideView": "",
        "titlebarleftsideview": "button",
        "titlebarrightsideview": "button",
        "titleclosureleftsideview": "",
        "titleclosurerightsideview": "",
        "visible": true,
        "wType": "TitleBar",
        "widgetAlignment": 5
    },
    "titleBarSkin": "slTitleBar",
    "titlebar": true,
    "type": 3,
    "wType": "Form",
    "widgetAlignment": 5
}