{
    "@class": "com.kony.gen.viz.model.component.KVizImage2",
    "DNDConfig": null,
    "_base64_": null,
    "_margin_": [
        0,
        0,
        0,
        0
    ],
    "_padding_": [
        0,
        0,
        0,
        0
    ],
    "_skin_": "slImage",
    "_src_": "zoomout.png",
    "base64": null,
    "canUpdateUI": true,
    "containerWeight": 100,
    "containerweight": 100,
    "context": {
        "channel": "mobile",
        "formID": "frmHome",
        "platform": "iphone",
        "templateType": "forms",
        "topLevelBox": null
    },
    "enabled": false,
    "id": "Image09958efedd61142",
    "imageScaleMode": 1,
    "imagescalemode": 1,
    "info": null,
    "invokedProperty": "src",
    "isVisible": true,
    "isvisible": true,
    "kuid": "66c2215392544eb4b3ed7c1f22c8051e",
    "margin": [
        0,
        0,
        0,
        0
    ],
    "name": "kony.ui.Image2",
    "padding": [
        0,
        0,
        0,
        0
    ],
    "parent": "frmHome",
    "pf": "frmHome",
    "platforms": {},
    "render": true,
    "skin": "slImage",
    "src": "zoomout.png",
    "srcType": 1,
    "wType": "Image",
    "widgetAlignment": 5,
    "widgetalignment": 5
}